{"cameraMode":{"drawMode":0,"name":"Shaded","section":"Shading Mode"},"sceneLighting":false,"audioPlay":false,"sceneViewState":{"showFog":true,"showMaterialUpdate":false,"showSkybox":true,"showFlares":true,"showImageEffects":true,"showParticleSystems":true},"in2DMode":false,"pivot":{"x":-0.16575299203395844,"y":0.0605250708758831,"z":1.4797406196594239},"rotation":{"x":0.09776861220598221,"y":-0.7591782212257385,"z":0.11731117218732834,"w":0.6327146887779236},"size":2.253244638442993,"orthographic":false}