{"cameraMode":{"drawMode":0,"name":"Shaded","section":"Shading Mode"},"sceneLighting":false,"audioPlay":false,"sceneViewState":{"showFog":true,"showMaterialUpdate":false,"showSkybox":true,"showFlares":true,"showImageEffects":true,"showParticleSystems":true},"in2DMode":false,"pivot":{"x":-0.5521288514137268,"y":0.005317631643265486,"z":1.865409016609192},"rotation":{"x":-0.02636461891233921,"y":0.7160865068435669,"z":-0.027088919654488565,"w":-0.6969872713088989},"size":0.0318683385848999,"orthographic":false}