{"cameraMode":{"drawMode":0,"name":"Shaded","section":"Shading Mode"},"sceneLighting":false,"audioPlay":false,"sceneViewState":{"showFog":true,"showMaterialUpdate":false,"showSkybox":true,"showFlares":true,"showImageEffects":true,"showParticleSystems":true},"in2DMode":false,"pivot":{"x":-0.7595593929290772,"y":-0.3533571660518646,"z":1.0653045177459717},"rotation":{"x":-0.07949866354465485,"y":-0.7288822531700134,"z":0.08589952439069748,"w":-0.6745604872703552},"size":5.324840068817139,"orthographic":false}